{
  "xmin": -74.017886057512,
  "xmax": -73.788281497594,
  "ymin": 40.573060918043,
  "ymax": 40.887304106608
}